Barcode,Loupe Clusters
AAACAAGTATCTCCCA-1,EC
AAACCCGAACGAAATC-1,EC
AAACGAGACGGTTGAT-1,DG
AAACTCGTGATATAAG-1,EC
AAAGCTTGCCTACATA-1,EC
AAAGTGTGATTTATCT-1,CA1
AAAGTTGACTCCCGTA-1,CA1
AAATAAGGTAGTGCCC-1,EC
AAATAGCTTAGACTTT-1,EC
AAATAGGGTGCTATTG-1,EC
AAATCTAGCCCTGCTA-1,EC
AAATGATTCGATCAGC-1,EC
AAATTACCTATCGATG-1,PC
AAATTCCAGGTCCAAA-1,EC
AACACACGCTCGCCGC-1,EC
AACAGGTAGTATGGAT-1,EC
AACATATCAACTGGTG-1,EC
AACATCGATACGTCTA-1,PC
AACCCTACTGTCAATA-1,CA1
AACCGCTAAGGGATGC-1,CA1
AACCTGTCACGGAATT-1,EC
AACGATATGTCAACTG-1,CA3
AACGCATGATCTGGGT-1,PC
AACGCTGTTGCTGAAA-1,EC
AACGGACGTACGTATA-1,EC
AACGTGCGAAAGTCTC-1,Hilus
AACTACCCGTTTGTCA-1,EC
AACTCTCAATAGAGCG-1,CA1
AAGACTGCAAGCTACT-1,DG
AAGAGCTCTTTATCGG-1,Hilus
AAGAGGCATGGATCGC-1,DG
AAGATTGGCGGAACGT-1,CA1
AAGCCGAAGCGGTTTA-1,EC
AAGCTCGTGCCAAGTC-1,Hilus
AAGGATCGATCGCTTG-1,EC
AAGGATGAGGGACCTC-1,CA1
AAGGCAGGCTGTCTCC-1,EC
AAGGGACAGATTCTGT-1,CA1
AAGGTATCCTAATATA-1,CA3
AAGGTGATAAACCAGC-1,CA1
AAGTCAATTGTCGTCA-1,EC
AAGTGCCTTGACTGTA-1,EC
AAGTGTTTGGAGACGG-1,EC
AAGTTCAGTCTGCGTA-1,PC
AATAGAATCTGTTTCA-1,CA1
AATAGCTACCGCGTGC-1,PC
AATATCGAATCAATGC-1,EC
AATATCGAGGGTTCTC-1,EC
AATCATGTAAAGACTC-1,EC
AATCGCCTCAGCGCCA-1,DG
AATCGCGCAGAGGACT-1,EC
AATCTATGCCGGAGCC-1,EC
AATCTGCGTTGGGACG-1,CA1
AATGACGTAGGATGTC-1,DG
AATGATGATACGCTAT-1,PC
AATGATGCGACTCCTG-1,EC
AATGCACCAAGCAATG-1,PC
AATTCATAAGGGATCT-1,PC
AATTGAACGCTCTGGT-1,CA1
ACAAATCGCACCGAAT-1,EC
ACAAATGGTAGTGTTT-1,CA1
ACAACAGCATGAGCTA-1,CA3
ACAAGGAAATCCGCCC-1,EC
ACAAGGGCAGGCTCTG-1,DG
ACAATTGTGTCTCTTT-1,EC
ACAATTTGAGCAGTGG-1,CA3
ACACACCAGGACCAGT-1,CA1
ACACCACATAATTAGC-1,EC
ACACCTTACTACTTGC-1,EC
ACACGAGACTCCTTCT-1,CA3
ACACGGGAACTTAGGG-1,CA3
ACAGGCTTGCCCGACT-1,EC
ACAGTATACCGTGGGA-1,EC
ACATCCTGGTAACTGT-1,EC
ACATCGTATGCAATGG-1,CA1
ACATGGCGCCAAAGTA-1,EC
ACCAAACACCCAGCGA-1,PC
ACCAACACCACACACT-1,EC
ACCACCAATGTAACAA-1,EC
ACCACCCTCTCTTCTA-1,EC
ACCACGTGCAGCTATA-1,EC
ACCAGTGCGGGAGACG-1,CA1
ACCCAACGCCCGTGGC-1,CA1
ACCCGGATGACGCATC-1,CA1
ACCCTCCCTTGCTATT-1,CA1
ACCCTGGTAACGCCCT-1,EC
ACCGATGGTAGCATCG-1,CA1
ACCGCAATAACTGCCT-1,EC
ACCGCGGTGGAAGTCG-1,EC
ACCGGGCCTTTGTTGA-1,EC
ACCTACAGTATGTGGT-1,EC
ACCTCCGCCCTCGCTG-1,EC
ACCTCCGTTATTCACC-1,EC
ACGAGTACGGATGCCC-1,EC
ACGATACATAGAACTA-1,CA3
ACGATCATCTTGTAAA-1,EC
ACGCAATCACTACAGC-1,EC
ACGCATACGTTTACTA-1,EC
ACGCTAGTGATACACT-1,EC
ACGGAGCGCAAATTAC-1,PC
ACGGCGACGATGGGAA-1,EC
ACGGGCGTATGCGACA-1,EC
ACGTATTACTCCGATC-1,CA1
ACGTTCGCAATCAATT-1,EC
ACTAGTTGCGATCGTC-1,EC
ACTATCCAGGGCATGG-1,EC
ACTCCCGAATTCGTTT-1,EC
ACTCGTCAGTAATCCC-1,Hilus
ACTCTCTGACTTAGGT-1,DG
ACTCTTGTATAGTAAC-1,DG
ACTGAATGGCGAAAGT-1,CA1
ACTGCGGACACACCGT-1,EC
ACTGTACGATACACAT-1,CA3
ACTTATACTTACCCGG-1,CA1
ACTTATTTATGTGCCA-1,CA1
ACTTCAGGCTGATCCC-1,EC
ACTTCGCCATACGCAC-1,CA3
ACTTGACTCCCTCTTT-1,DG
ACTTGTGGATGGAACG-1,EC
ACTTTACCCTCATGAA-1,EC
AGAACGTGGTACATTC-1,CA3
AGAAGAGCGCCGTTCC-1,CA1
AGAATTATGGATTCGA-1,CA1
AGACCGCTCCGCGGTT-1,EC
AGACGAAGTGCCGGTC-1,EC
AGAGAACCGTCTAGGA-1,CA1
AGAGGCTTCGGAAACC-1,EC
AGAGTAAACTTCACTA-1,EC
AGAGTATAGTGTTACG-1,EC
AGATACCAGCACTTCA-1,PC
AGATACTCAAGATCGA-1,CA1
AGATCGTGCATAAGAT-1,PC
AGATCTCAGGTGTGAT-1,CA3
AGATGATGGAGTCTGG-1,EC
AGCAACATATCTTATT-1,CA1
AGCACTACCTCACCAG-1,EC
AGCATATCAATATGCT-1,EC
AGCCACTCCCGTGCTT-1,CA3
AGCGCGGGTGCCAATG-1,PC
AGCGGTTGCCGCTCTG-1,PC
AGCTAGAAGCAGAAGT-1,PC
AGCTCCTTCGCACATC-1,EC
AGCTCTAGACGTTCCA-1,Hilus
AGCTCTTCGTAACCTT-1,EC
AGGACAGTCGAATCCC-1,CA1
AGGACGCTCGATGTTG-1,PC
AGGAGACATCCACAGT-1,EC
AGGAGGCCTTCGCGCG-1,EC
AGGATATAGGGATTTA-1,CA1
AGGATTGCTTACGACA-1,EC
AGGCAGATGCGTAAAC-1,CA3
AGGCATTGTCGTAGGG-1,EC
AGGCGTCTATGGACGG-1,PC
AGGGACCGGCTGCGTT-1,EC
AGGGAGACATACTTCG-1,EC
AGGGTCAGTAACCCTA-1,PC
AGGGTCGATGCGAACT-1,CA1
AGGGTGCTCTCGAGGG-1,CA1
AGGGTTCCCTTTGGTT-1,CA1
AGGTATAATTGATAGT-1,EC
AGGTCGCGGAGTTACT-1,EC
AGGTTACACCATGCCG-1,EC
AGTACATCATTTATCA-1,EC
AGTACGGGCACCTGGC-1,CA3
AGTACTCTTATGCCCA-1,EC
AGTCAAGATGACACTT-1,CA1
AGTCACTAGCTCTCGA-1,EC
AGTCCATTGGCTGATG-1,CA1
AGTCGACGGTCTCAAG-1,CA1
AGTCGGTTGCGTGAGA-1,EC
AGTCTAAAGTATACTC-1,EC
AGTGAACAAACTTCTC-1,EC
AGTGAAGATGGTGTCC-1,EC
AGTGAGACTTCCAGTA-1,CA1
AGTGAGCCTCGCCGCC-1,EC
AGTGATTCAAGCAGGA-1,CA1
AGTGCACGCTTAAGAA-1,EC
AGTGCTTGCACGAATA-1,CA1
AGTGGCGGCAATTTGA-1,PC
AGTTTATGTAAAGACA-1,EC
AGTTTGGCACGGGTTG-1,EC
ATAACGCCGGAGGGTC-1,DG
ATAACGGAGTCCAACG-1,CA3
ATAAGTAGGATTCAGA-1,EC
ATAAGTAGGGCGACTC-1,EC
ATACCGTCATCCATAA-1,PC
ATACGCCGGCGAAACC-1,Hilus
ATACGGGTTTCGATTG-1,CA3
ATACGTACTTAGCCAC-1,EC
ATACGTCCACTCCTGT-1,CA1
ATAGACAACGGGACCT-1,CA1
ATAGAGTTATCAACTT-1,CA1
ATAGGCTAGCTTCGCA-1,EC
ATAGTTCCACCCACTC-1,CA1
ATATCAACCTACAGAG-1,EC
ATATCGGTAGGGAGAT-1,EC
ATATGTCTCCCTAGCC-1,CA1
ATATTCCACATAGTGA-1,EC
ATCAAACACTGTTCCA-1,EC
ATCGCCAGTCAACATT-1,EC
ATCGCTGCGTGCAGCA-1,EC
ATCGGAGACAGACGGC-1,EC
ATCGGCAAGCAGTCCA-1,PC
ATCTCGTGAGCGAAAC-1,EC
ATCTGCACCTCTGCGA-1,EC
ATCTGGTTAAGACTGT-1,CA3
ATCTTGACTTGTCCAA-1,EC
ATCTTTCGTATAACCA-1,EC
ATGACTATGCGACATT-1,CA1
ATGCCATTTGCGACCA-1,CA1
ATGCCGGTCTTGCATA-1,CA3
ATGCGACAGTCCCATT-1,Hilus
ATGCGAGTCCCACCAC-1,EC
ATGGAACCTTTGCACA-1,EC
ATGGGCCTCGGCCTCT-1,CA1
ATGGTCGCGTGGTTTC-1,CA1
ATGTAAGGCTGCTCTT-1,EC
ATTAATGAACCAGTCG-1,CA3
ATTACATGTCAGTCTT-1,EC
ATTACTTACTGGGCAT-1,PC
ATTAGATTCCTCAGCA-1,EC
ATTAGGCGATGCTTTC-1,DG
ATTATAGCTACTTTAC-1,EC
ATTCAGGACCTATTTC-1,PC
ATTCGTGCTATCTCTT-1,EC
ATTGACCGGCGATGAC-1,EC
ATTGATGAGTCCTAAC-1,CA1
ATTGCGATCAGTAACT-1,EC
ATTGGATTACAGCGTA-1,EC
ATTGTACAACTCGGCT-1,EC
ATTTACTAAGTCCATT-1,EC
ATTTGTCTTGGGAGCT-1,DG
CAAACTCGCGACGCCG-1,EC
CAAATTGGATTATGCC-1,EC
CAACACATCTCCTGCC-1,EC
CAAGATATTATAACGT-1,CA1
CAAGGTCCTATAGGCT-1,EC
CAAGTGTGGTTGCAAA-1,CA1
CAATAAACCTTGGCCC-1,CA3
CAATGAGGTTCGACTA-1,EC
CAATGCGAGAAGTATC-1,EC
CAATGGATCTCTACCA-1,CA1
CAATGTGCCAACCCTT-1,EC
CACACACGCTAACGAG-1,EC
CACACAGCTTGCGCTC-1,EC
CACACGCGCTGTCTTA-1,CA1
CACATTTCTTGTCAGA-1,EC
CACCCAAATCTTATGT-1,EC
CACCGTATCCCATCCG-1,EC
CACCTTGCGAAACTCG-1,CA3
CACCTTGGCGCCTTTG-1,EC
CACGCGGAACTGTTGC-1,CA1
CACGTTCGTGCTCTAG-1,DG
CACGTTTCGTACACAC-1,EC
CACTCGAGCTGAACAA-1,EC
CAGAACTTAGCCCTCT-1,EC
CAGACCTGTAAGTGTT-1,CA1
CAGATCATTTAAAGTC-1,EC
CAGCAGCCCGTTCCTT-1,CA3
CAGCAGTCCAGACTAT-1,EC
CAGCCTCCTGCAGAGG-1,CA3
CAGCTCGACAAGTTAA-1,CA1
CAGGCGCCATGCTAGG-1,EC
CAGTAACTATTTATTG-1,PC
CAGTACATTCTCTAAA-1,PC
CAGTAGCCCACGCGGT-1,CA1
CAGTCGAGGATGCAAT-1,EC
CAGTGAATAAATGACT-1,CA3
CAGTGTCGGCTGGCCC-1,EC
CATAACGGACAGTCGT-1,CA1
CATACTTAGGCAATAC-1,EC
CATATACTACTGATAA-1,PC
CATCAAACTGGCGCCC-1,PC
CATCATTACCCTGAGG-1,EC
CATCCTCTCAAAGATC-1,EC
CATCTATCCCGTGTCT-1,PC
CATCTTACACCACCTC-1,CA1
CATGACTTCGCTGAAT-1,EC
CATGATGGAAGTTAGC-1,EC
CATGCGACCAGTTTAA-1,EC
CATGGATTGTCTTCCG-1,EC
CATGGGTATGCCTTAT-1,EC
CATGTAAGAGACATTT-1,EC
CATGTCTCATTTATGG-1,EC
CATTACATAGATTGTG-1,EC
CATTCCCATTCCGTCG-1,EC
CATTGATGAACACGCC-1,EC
CATTGCGGGTCAATTC-1,EC
CATTTAGCGGACCATG-1,CA3
CCAAATAACAAGATTC-1,EC
CCAAGCGTAACTCGTA-1,Hilus
CCAATTACGGGTCGAG-1,PC
CCACAATGTACGTCTT-1,CA1
CCACAGTACCCATCCT-1,CA1
CCACCCAAGGAAAGTG-1,Hilus
CCACGAATTTAACCTC-1,EC
CCACGGTGCCCGGTAG-1,EC
CCACGTAAATTAGACT-1,EC
CCACTATCCGGGTCAC-1,EC
CCAGATAGTTGAGTGA-1,CA3
CCAGTAGTCTGATCCA-1,CA1
CCAGTCTAGACGGCGC-1,CA3
CCATACCTTTACTTGT-1,EC
CCATATGGAAACTATA-1,EC
CCATCTCACCAGTGAA-1,CA1
CCATGCCCTAGATTTC-1,EC
CCATTGTTTCCTCCAT-1,EC
CCCAAACATGCTGCTC-1,CA1
CCCAGAGGAGGGCGTA-1,PC
CCCAGTTAAGGCGCCG-1,DG
CCCGAGTTTCTCCGTA-1,EC
CCCGTTTCGCAGATGT-1,EC
CCCTCCTCGCTCGTAT-1,EC
CCGAGAAGTCGCATAA-1,EC
CCGAGCTGTGCTTGTC-1,PC
CCGATCTCAACCTTAT-1,CA1
CCGCACAAAGACCAAC-1,Hilus
CCGCTTGCTGACATGG-1,EC
CCGGAGGTCTTATGGT-1,EC
CCGGCACGACCGTTTC-1,EC
CCGGGCGGTCTCGTCA-1,CA3
CCGGGCTGCTCCATAC-1,CA1
CCGGTAATGGCTAGTC-1,EC
CCGTAAGTTGGTCCCA-1,Hilus
CCGTATTAGCGCAGTT-1,PC
CCGTGAGGCATTCATG-1,EC
CCGTGGAACGATCCAA-1,EC
CCTAACCCAAACAAGT-1,CA1
CCTAACTAAGGCTCTA-1,PC
CCTAGGCGTAGCGATC-1,CA1
CCTATAATGAGTGCCC-1,EC
CCTATGAAGTGGTGCC-1,EC
CCTCACCTGAGGGAGC-1,EC
CCTCACCTTAGCATCG-1,EC
CCTCGCGCGATATAGG-1,PC
CCTCGGACCGGGATAG-1,CA1
CCTGAACGATATATTC-1,CA1
CCTGGAAACGTTCTGC-1,EC
CCTGTCCCTCACGTTA-1,EC
CCTTTCAATGAAGAAA-1,PC
CGAACAGTATGGGCGT-1,EC
CGAAGCTATAAATTCA-1,PC
CGACAATTTGATCTAA-1,CA1
CGACACGCTCCGACAG-1,CA1
CGACTCAGGATGTTAT-1,PC
CGACTTTGTATAGCCT-1,EC
CGAGAGATGTGAACCT-1,CA3
CGAGAGGGTAGCCGCG-1,EC
CGAGATTTCGCTCGGG-1,EC
CGAGGAGCTTCCATAT-1,EC
CGAGGATCGGGAACGA-1,EC
CGAGGCTAAATATGGC-1,CA3
CGAGGGACTGCGGTCG-1,Hilus
CGAGTTCTGTCCCACC-1,CA3
CGAGTTTATCGGACTG-1,CA1
CGATAATACTCAGGTT-1,EC
CGATGGACCCTACGCC-1,PC
CGCACATGTCCACTAC-1,CA1
CGCACGTGCGCTATCA-1,CA1
CGCAGATCTTCACCCG-1,EC
CGCAGGCGATCCAAAC-1,EC
CGCATCCATCAGCCAG-1,EC
CGCCATCCGATTATGA-1,CA3
CGCCGCCCATGCCTGT-1,DG
CGCCTCCCTCCTCTAT-1,DG
CGCCTTTAGCATGCTC-1,EC
CGCGAGAGGGACTTGT-1,PC
CGCGGCTCAACTTGAA-1,CA1
CGCGGGAATTAGGCAG-1,CA3
CGCGGTAAGTCTAGCT-1,EC
CGCGGTCACAAACCAA-1,PC
CGCTAGAGACCGCTGC-1,CA1
CGCTGGTGACTACCCT-1,EC
CGCTTTCTTGCATTCG-1,CA1
CGGCAATAAGATCGCC-1,EC
CGGCAGGGTCGGGTTG-1,CA1
CGGCCCAACCTGTAGT-1,EC
CGGCCCAGGTATATCC-1,EC
CGGCTCTAAAGCTGCA-1,EC
CGGGAATATAGTATAC-1,EC
CGGGAGCTTCAGTGTA-1,CA1
CGGGTGTACCCATTTA-1,CA1
CGGTACTAGAATCAAA-1,CA1
CGGTAGAGGTGCAGGT-1,PC
CGGTCAAGTGGGAACC-1,CA3
CGGTCCATGAGACTCC-1,EC
CGGTTATCCAACAGTG-1,CA1
CGGTTCAAGTAGGTGT-1,PC
CGTCGGATAGTGTTGA-1,CA1
CGTGCAGACTGGGACA-1,DG
CGTGCCCTCCCGAAGA-1,DG
CGTGGCCGAATATCTA-1,EC
CGTGTGTTAAACCCTG-1,EC
CGTTAAACTAGTTAGG-1,EC
CGTTCTTCGCACACCT-1,PC
CGTTGAGCGACCGTCG-1,DG
CGTTGTAAGATTGATT-1,EC
CGTTTACAAGGCAGCT-1,EC
CTAAATCCTATTCCGG-1,CA3
CTAACGAAACTTGCTG-1,CA1
CTAATTCTCAGATATT-1,EC
CTACCCTAAGGTCATA-1,CA1
CTACTATCTTTCAGAG-1,CA1
CTAGATGTGAGTGTAA-1,EC
CTAGATTTACGACGGC-1,DG
CTAGCCGATGTTATGA-1,PC
CTAGGCGCCCTATCAG-1,EC
CTAGGTCTGAAGGAAT-1,EC
CTAGTCACGTCTTAAG-1,DG
CTATAAGAGCCAATCG-1,EC
CTATCGACGAAATACA-1,EC
CTATCGGGTCTCAACA-1,DG
CTATGGGAAGCGGAAT-1,EC
CTATTTGGTTACGGAT-1,DG
CTCAGTCACGACAAAT-1,PC
CTCCTTTACGCAAGTC-1,EC
CTCGATATTTGCGAGC-1,PC
CTCGGGATAACACCTA-1,EC
CTCGGTACCACTGCTC-1,DG
CTCGTTTCTAATGTTT-1,EC
CTCTAATGCATTGATC-1,EC
CTCTCACAATCGATGA-1,CA3
CTCTTCTATTGACTGG-1,EC
CTGAATTTATTGCCAG-1,EC
CTGACTGCGCAGCTCG-1,EC
CTGCACAACTACATAT-1,EC
CTGCACCTAGTCCACA-1,EC
CTGCCTCATATGCAAC-1,EC
CTGCTTGGCGATAGCT-1,EC
CTGCTTTATGTCCGCG-1,EC
CTGGAAGACACGGTGG-1,EC
CTGGCGCACAGGTCTG-1,CA1
CTGGCTGATTCATCCT-1,CA1
CTGGGATAAATAATGG-1,DG
CTGGGATACGCTACCC-1,EC
CTGGGTAGGCAGTTAA-1,DG
CTGGTAACACATAGAA-1,CA1
CTGGTAACGAGCTCTT-1,CA1
CTGGTTTCGAGCAAGA-1,CA1
CTGTCAAATGGCTCGG-1,CA3
CTGTGGTCGGGAGATA-1,EC
CTTAGTAGGCCTACAG-1,EC
CTTCGGCCAATTGTTT-1,EC
CTTGAGTTAGGGTAAT-1,CA1
CTTGTGCTCACCGATT-1,PC
CTTGTTGCTGAGTCAA-1,DG
CTTTAATATTGGTCGA-1,EC
CTTTACCGAATAGTAG-1,EC
CTTTAGGAACACTGTT-1,CA1
GAAACAGATGACCACC-1,CA1
GAAACCATGGTGCGCT-1,EC
GAAAGAACAGCGTTAT-1,EC
GAAATATGCTTGAATG-1,PC
GAACGATAAGTTAAAG-1,EC
GAACGCGGGTCACACG-1,EC
GAACGTCTCATGGTCG-1,CA1
GAAGGCTACCATTGTT-1,EC
GAAGTCTCCCTAGCGA-1,CA1
GAATAGACGCGACCCA-1,CA1
GAATAGCCCTGCGGTC-1,PC
GAATGAAGGTCTTCAG-1,PC
GAATGTGGTCCGGATT-1,DG
GACAAACATATGCAGG-1,EC
GACAACGACCATTGAA-1,CA3
GACACAAGGGAAGAAA-1,CA3
GACACTGGAACCCGAT-1,EC
GACAGCCAGACCTGAC-1,CA1
GACCGACGTGAAAGCA-1,EC
GACCGCGTCTGACGTG-1,EC
GACGAGGCTAATAAAC-1,EC
GACGGTCAATAGAAGC-1,EC
GACGTTCGTAAATACA-1,EC
GACTCACCCACGTGAG-1,EC
GACTCCCAGAATAAGG-1,EC
GACTCGCGGGAATGAC-1,CA1
GACTGCACCAGCCCAG-1,EC
GAGATCTGTCACTCCG-1,CA3
GAGATCTTCCATGACA-1,DG
GAGATGACAATCCTTA-1,EC
GAGCCAGCTACCTGTG-1,EC
GAGCGCAAATACTCCG-1,EC
GAGCGCGCACGAGTAG-1,CA1
GAGCTAAGGGCATATC-1,CA3
GAGCTGTCGTCTCGGA-1,PC
GAGGATAAACAGTGCT-1,EC
GAGGGCGCAGCTCTGC-1,CA1
GAGTGTGCGGTACCCA-1,CA1
GATAACTCGCACTGTG-1,CA1
GATATGAGACACTAAC-1,DG
GATATTGAGATTGGCG-1,CA1
GATCCGGGAATTAACA-1,DG
GATCCTAAATCGGGAC-1,CA1
GATCGCTACCCGATTT-1,EC
GATCGTGACTGATATC-1,DG
GATGACGATGATCGCG-1,EC
GATGCTGTATTTCATC-1,DG
GATTAACCGAAAGCCC-1,EC
GATTCGACGGTTCACG-1,DG
GCAAACCCTACATTAT-1,EC
GCAAACGTCGCCAGGT-1,EC
GCAACAGCAGTATGCG-1,EC
GCAACGGCTAGTTATG-1,EC
GCAATTAGTCGCACCG-1,EC
GCACAAACGAGGCGTG-1,EC
GCACACACTGGTAGCC-1,EC
GCAGACCCAGCACGTA-1,EC
GCAGATCCATAAGACT-1,EC
GCAGCCTATATCACAT-1,EC
GCATCGGCCGTGTAGG-1,EC
GCATGAGGGACGCGGC-1,CA1
GCATTCAAGGCAACGC-1,EC
GCATTTCCAAGGCTCC-1,EC
GCCAACCATTTCCGGA-1,EC
GCCAATAGGGCATCTC-1,EC
GCCAGGAGTAACCGAT-1,PC
GCCATATTGCACACAG-1,PC
GCCATCGATGCTGCAT-1,EC
GCCCAGATGCTGGAGA-1,EC
GCCCGTAATACCTTCT-1,CA3
GCCGTGGAAGAAATGT-1,EC
GCCTATAGTGTCAGGG-1,CA1
GCCTATGCTGGGCCTT-1,PC
GCCTCATCTGGAAATA-1,CA1
GCGAAACGATCGGGAG-1,EC
GCGAAACTTAACTGGA-1,CA1
GCGACATGTAAACATC-1,EC
GCGAGAGGCCATGTAA-1,EC
GCGAGAGTTGCGTCCA-1,EC
GCGAGCGCATGCTCCC-1,EC
GCGATTGTTAACGTTA-1,Hilus
GCGCAAGAGCGCGCTG-1,CA1
GCGCATCCAGTCAGCA-1,CA1
GCGCCTCCCACTCCGA-1,EC
GCGCTAATTGAATAGA-1,Hilus
GCGCTGCTTTGCATTT-1,CA1
GCGGAGAGGGAGAACG-1,EC
GCGGGCATTACGATGC-1,EC
GCGGTCCCGGTGAAGG-1,PC
GCGGTGAACTGCGCTC-1,PC
GCGTAAATGGCCATAA-1,EC
GCGTGGTACTGGGTTA-1,CA1
GCGTTCGGAGACCGGG-1,PC
GCTAAGTAGTTTCTCT-1,DG
GCTACTATAGTAGAGT-1,EC
GCTAGACCGTCTACTG-1,EC
GCTAGAGTAGAGATGT-1,EC
GCTAGCACCTGGGCCA-1,EC
GCTAGGCACCACGGAG-1,EC
GCTATACGTCTCGGAC-1,EC
GCTATCATACTCATGG-1,EC
GCTCCCAGTCGGTCCA-1,EC
GCTCCGCTCGCTTCAG-1,EC
GCTCGCTCATGTCCAA-1,CA1
GCTCGGAATTTAAAGC-1,CA3
GCTGAACTCTCCAGGG-1,EC
GCTGCACGGTTTCTTA-1,DG
GCTGCTACTGCGTAGC-1,EC
GCTGTTGCTACCGAAC-1,CA1
GCTTAATGTAACTAAC-1,CA1
GCTTACGTAGTTAGTA-1,EC
GCTTATGAAGCAGGAA-1,CA1
GCTTCCGTCCCTAGAC-1,CA3
GCTTGCAGCACAATTG-1,EC
GCTTGGATCGATTAGG-1,CA1
GCTTTCAGAGGAGGTG-1,CA1
GGAAACCTTGTTGAAT-1,PC
GGAAAGTGCCCATGCC-1,PC
GGAATGCGCTAGCGTG-1,CA1
GGACACAAGTTTACAC-1,EC
GGACCTACGGTAACGT-1,PC
GGAGACCAATGTGCTT-1,EC
GGAGCACCAAGAACTA-1,CA3
GGAGGCCGAAGTCGTC-1,EC
GGAGGGCTTGGTTGGC-1,CA3
GGATCCGGAATATACT-1,DG
GGATGAAGATCGCTGA-1,CA1
GGATGTCCTTACCGCA-1,CA1
GGATTTCACTTCTATA-1,CA1
GGCAATAGTCAATGAG-1,CA3
GGCAGCAAACCTATGC-1,EC
GGCCCGGAGCATGTCT-1,EC
GGCCCGTATACCATGC-1,EC
GGCGAAATCTAACTTG-1,CA1
GGCGGTAGGATCATTG-1,CA3
GGCTAAAGGGCGGGTC-1,PC
GGCTCGCGTTGAGGTA-1,CA1
GGCTCTGCTCCAACGC-1,CA3
GGCTGAAATAGCAAAG-1,EC
GGGAATGAGCCCTCAC-1,PC
GGGAGTTAATGAGGCG-1,Hilus
GGGATTTACCGCACCT-1,CA1
GGGCCGGCCGAAGTAC-1,DG
GGGCGCAGCGTTACTC-1,EC
GGGCTCATCGAACCCA-1,CA1
GGGTCGTGGCAAGTGT-1,EC
GGGTGCATATGAAAGC-1,EC
GGGTTTAGGATAGGAT-1,EC
GGTACACCAGATTTAT-1,EC
GGTACCATTAAGACGG-1,EC
GGTAGTGCTCGCACCA-1,Hilus
GGTATAGTGACACATA-1,EC
GGTCAAGACTACTTCG-1,EC
GGTCGGATAAACGGCG-1,PC
GGTCGGCCAGGAGCTT-1,CA1
GGTCTGAGAATCTGGA-1,CA3
GGTGATAAGGAGCAGT-1,DG
GGTGGACTGCTCTGGC-1,EC
GGTTACCCGACACTTT-1,EC
GGTTAGCTATATGTCT-1,CA1
GGTTCTACTCGTCTGA-1,EC
GGTTTAATTGAGCAGG-1,EC
GGTTTACAATCTCAAT-1,CA3
GGTTTAGCCTTTCTTG-1,EC
GGTTTCAATCGGTCAG-1,CA1
GTAAGTAACAGTCTGG-1,DG
GTAATAAAGGGCTCCC-1,EC
GTACAGAGGCAAGGGT-1,DG
GTACTCCTGGGTATGC-1,EC
GTACTGGAGTTAGACC-1,DG
GTAGCGGCTATACACT-1,DG
GTAGCTTCCTCTTGTT-1,CA1
GTAGTCGCGGGAATCA-1,EC
GTATCAAACGTTAGCT-1,EC
GTATGTGGGTCTAGTT-1,CA1
GTCAAGCGGACTCGGG-1,Hilus
GTCAATGCTATAATTT-1,EC
GTCATTAGAGCGAACG-1,DG
GTCCATTACTGCTACG-1,EC
GTCCCAACGTAAAGTA-1,Hilus
GTCCGGACCTGAAATT-1,EC
GTCCTACGAATAGTCT-1,EC
GTCGCGTAACCCGTTG-1,Hilus
GTCGTATTGGCGTACA-1,PC
GTCGTCTGGTTGGCTA-1,EC
GTCGTGTCTGGTCATC-1,EC
GTCGTTATTCGCTTAT-1,EC
GTCTATTGGTTCCGGT-1,EC
GTCTCGACTAAGTTTG-1,EC
GTCTTGAGGAGCAGTG-1,EC
GTCTTGTAGCTATTCA-1,EC
GTGAACTCCCATTCGA-1,EC
GTGAAGATTTCAAGTG-1,PC
GTGAAGCCGTATAGTC-1,EC
GTGACCGCACACTACG-1,CA1
GTGACGAGGGTGACCC-1,EC
GTGAGGACACTTAAGG-1,Hilus
GTGATCACTAACGCCT-1,EC
GTGCCCGTTCGGATTC-1,CA1
GTGCGACAGGGAGTGT-1,CA1
GTGCGTGTATATGAGC-1,DG
GTGCTTACATCAGCGC-1,EC
GTGGTGGCCAAGTGAA-1,DG
GTGGTTACTTCTTTCG-1,EC
GTGTACCTTGGCTACG-1,CA3
GTGTCGTATAGCGTTC-1,EC
GTGTGAATAACTTAGG-1,CA1
GTGTTACTATGCGTCC-1,DG
GTTAAAGTAGGACTGG-1,EC
GTTAACTATGTTGTCA-1,EC
GTTAAGTTAGAGTGGG-1,EC
GTTAGCCGTAAATCAA-1,EC
GTTATAATACGGTGAA-1,EC
GTTATATCAGGAGCCA-1,EC
GTTCATCGTTTGGCTG-1,EC
GTTCGCTGAGACGTCT-1,EC
GTTCGGATCGGGAACA-1,EC
GTTCGGGCGTACCATT-1,EC
GTTCGTCTAAAGAACT-1,EC
GTTCGTCTGGGTCCCT-1,EC
GTTGAGTCCCGCCGGT-1,EC
GTTGCGCTAACATTAC-1,EC
GTTGGACCGCATCAGG-1,EC
GTTGGATTGAGAACAC-1,CA1
GTTTCTGCAGTCTCCC-1,DG
GTTTGGCCCAAGTTAT-1,DG
TAAAGACAACCCTTTA-1,EC
TAAAGCGTTAGGAGAA-1,CA1
TAAATCTTTACACCTC-1,EC
TAACATACAATGTGGG-1,DG
TAACCTACCGTCCGAG-1,EC
TAACTATTACGCCAAA-1,EC
TAAGGCAACATAAGAT-1,CA3
TAAGGCTGAATCCCTC-1,CA1
TAAGTTGCGACGTAGG-1,EC
TAATAGTGACGACCAG-1,CA3
TAATCGATCCGTACGT-1,PC
TAATTAGGACATCCGT-1,EC
TAATTGGAATCGGGAA-1,PC
TACACCGTCGTTAGTC-1,EC
TACCAATAAAGTACCA-1,EC
TACCGCGGACTTGCAG-1,CA1
TACGCTATAGAAACCT-1,EC
TACTGCAATCAATTAC-1,PC
TACTTGTTAGTAGTCC-1,CA1
TACTTTACTGAGCCGG-1,CA1
TAGAAAGGTGGCGCTA-1,CA3
TAGACGCCCGTACCGG-1,CA1
TAGACTACCTAGCGTT-1,EC
TAGAGGTTCTACTTGT-1,EC
TAGCCATTTCAAAGTC-1,CA1
TAGCCGGCGGTCAGCG-1,CA1
TAGCGTCCCTCGATTG-1,EC
TAGCGTCCGGTGTGGT-1,EC
TAGCGTTGGGTCTTAC-1,DG
TAGGCATGTTACGCCA-1,CA3
TAGGGAGCTTGGGATG-1,CA1
TAGGTCGCCGGAACTG-1,CA1
TAGGTGCTCGCCTAGC-1,CA1
TAGGTTCGAGTTCGTC-1,DG
TAGTCGATCACGGGTT-1,EC
TAGTCTGTGACGTTGC-1,EC
TATAGATGGTCGCAGT-1,CA1
TATATCCCTGGGAGGA-1,CA1
TATATTACAAATGTCG-1,PC
TATCACCCAACCGACC-1,EC
TATCCAATTGGTTATC-1,EC
TATCGATCTATGCATA-1,PC
TATGATCCGGCACGCC-1,EC
TATGGTTAGTGGGAGA-1,EC
TATGTCAAGACCGACT-1,PC
TATGTCTCATTGTGCC-1,CA3
TATTACCATCCTGCTT-1,CA1
TATTCAATTCTAATCC-1,Hilus
TATTCCGAGCTGTTAT-1,EC
TATTGACATTTCTGCC-1,EC
TCAAGAAATACTAGCT-1,EC
TCAAGGTTACTACACC-1,EC
TCACAGGGAATCGCAA-1,EC
TCACCGCTCGGCACTC-1,CA1
TCAGAACCTCCACAGG-1,EC
TCAGCAAATGCATCTC-1,CA3
TCAGGGTGTAACGTAA-1,CA3
TCATTTAAGTCTCCGA-1,CA1
TCCACTTTATCTAGGT-1,CA3
TCCAGAGCACCGGTTC-1,DG
TCCAGATGTACGCCAA-1,EC
TCCCAAACAGACAACG-1,EC
TCCCAAAGCCCTAAAT-1,EC
TCCCACTCTCTTCCGG-1,EC
TCCCGCCTATGTGCGT-1,EC
TCCCGTCGCGTCATAG-1,EC
TCCCGTGTGCAATTTG-1,DG
TCCCTAGATCAATAGG-1,EC
TCCGAATGGTCCTGAG-1,EC
TCCGCGGCAGCATCTG-1,CA1
TCCGCGGCCCAATGAA-1,EC
TCCGCTGTCATCCCGG-1,EC
TCCGGCCTAGCGTACA-1,EC
TCCGTTAAGCTAATAT-1,EC
TCCGTTTAGCCTTGAA-1,CA1
TCCTACATCCACGGCC-1,CA1
TCCTCGGGCTGGGCTT-1,Hilus
TCCTTACGACGGTCCG-1,EC
TCCTTTAAATCCGCTT-1,EC
TCGAAGAACCGAGCAC-1,EC
TCGCAAAGATGCATTT-1,EC
TCGCACCAGGAGGCAG-1,EC
TCGCTCGGCACCAGCG-1,EC
TCGCTGGGCGGATTGT-1,CA3
TCGCTTTAAACGTTTG-1,CA3
TCGGACGCCCAGCCCA-1,DG
TCGGAGTACATGAGTA-1,CA3
TCGGCGAACCCAAACC-1,EC
TCGGGAACGTGCCTAG-1,EC
TCGGGCCGTCGTGGTA-1,CA1
TCGTAAGACGACATTG-1,CA3
TCGTCTTAGGCGTTAA-1,EC
TCGTGTACTATGGATG-1,EC
TCTAGGTGGCGACGCT-1,EC
TCTAGTGATATCGTGG-1,CA1
TCTCATGAGATAGGGT-1,CA1
TCTCCCTGGGCAGCGT-1,EC
TCTCGACGTATCGCCG-1,EC
TCTCGAGGAGGTTCGC-1,EC
TCTGAACTCGTACCCG-1,CA1
TCTGAAGCACGTGGTC-1,EC
TCTGAATTCCGTACAA-1,CA1
TCTGACGGGCTAACCC-1,EC
TCTGATCGGGTGCTAG-1,EC
TCTGATGTATTCTGTC-1,EC
TCTGCCAGAAACTGCA-1,DG
TCTGGCCGTTCAAGTT-1,EC
TCTGGGAACCTTTGAA-1,CA1
TCTGTGCCATCATAGT-1,DG
TCTTACCGGAACTCGT-1,PC
TCTTACTTATGCCTCT-1,CA1
TCTTAGAGCTCCAATT-1,EC
TCTTAGAGTGAACTCT-1,CA1
TCTTCCCATGGGCACA-1,CA1
TCTTCGAATAGACGTT-1,DG
TCTTCTATAACCCGCC-1,EC
TCTTTAAGACTATGAA-1,CA1
TCTTTAGAGTCTAACA-1,EC
TCTTTAGCAGGCGAAC-1,EC
TGAAAGGACCTGACTC-1,DG
TGAATATGCTATAAAC-1,PC
TGAATGTCAGCCGGCC-1,EC
TGACATCGAGCGGACC-1,CA1
TGACGATGCACTAGAA-1,CA1
TGAGAGATTTACCACG-1,CA1
TGAGTGGTCCGTGACG-1,CA1
TGAGTTAAAGACATTC-1,EC
TGATCCCAGCATTAGT-1,EC
TGATGGCTGTTTCTGA-1,EC
TGCAGGATCGGCAAAG-1,CA3
TGCAGTTTCCTCCCAT-1,CA1
TGCATATGTCTGTCAC-1,CA1
TGCATGTGGTAATCTA-1,CA3
TGCCCGTACCGTTAAA-1,DG
TGCCGAAAGCGTATTC-1,EC
TGCCTAATTGAAGATT-1,EC
TGCCTTGGCCAGGCAA-1,EC
TGCGTTTGTTGACACT-1,DG
TGCTAAGTGTCTATTT-1,EC
TGCTCCACAGTTCTTA-1,CA1
TGGAACCACTGACACA-1,EC
TGGAATATCCTTGACC-1,EC
TGGACTGTTCGCTCAA-1,Hilus
TGGCAAACTAAATTAC-1,EC
TGGCAATGGGACGGCG-1,EC
TGGCCAAACTGAAGTA-1,CA3
TGGCTTGTACAAGCTT-1,PC
TGGGCAATAGTTGGGT-1,EC
TGGGCCCATACTAATT-1,CA1
TGGTAGAATATATGGG-1,EC
TGGTCCCACGCTACGG-1,EC
TGGTTAAGGGCGCTGG-1,EC
TGGTTCAACGGGTAAT-1,EC
TGGTTTAAACGTGGGT-1,EC
TGTACTACTCTCACGG-1,EC
TGTAGGAGAAATTTCC-1,CA1
TGTATAACAGATCCTG-1,CA3
TGTATGGCGCAGACAG-1,CA1
TGTCATTTGTTGGGAA-1,EC
TGTGCCGGTGCCGGAA-1,EC
TGTGGCAAAGCGTATG-1,CA1
TGTGGCTCCCACCAAC-1,EC
TGTTATTGTATGTGGC-1,CA1
TGTTGTCAAGAAGTCT-1,CA3
TGTTTGAGATCGTCAG-1,EC
TTAAACTCGAATTCAT-1,CA1
TTAACGAACAAGCAGT-1,EC
TTAAGATAGGATTGAC-1,EC
TTACAGACCTAAATGA-1,EC
TTACATGCCACAACTA-1,EC
TTACGGATGGTTCGAG-1,CA1
TTACTAAAGGACTTTA-1,EC
TTACTCCGGCCGGGAA-1,DG
TTACTGTCTAGAGCTC-1,EC
TTAGACGAGTCACCTC-1,EC
TTAGAGTTTAGAAGGA-1,CA1
TTAGCTAATACGATCT-1,PC
TTAGCTGATTTGCCGT-1,CA1
TTAGTTATTCGTGGCA-1,CA1
TTAGTTCAAGTGTTCG-1,EC
TTATATACGCTGTCAC-1,Hilus
TTATCCGGGATCTATA-1,EC
TTATGATCTTAACGAA-1,DG
TTCAAAGTCTCTAGCC-1,Hilus
TTCAATACTCTGAATC-1,CA1
TTCAGCCCTGGTCCAC-1,CA1
TTCAGCTGGCGTGCCC-1,EC
TTCCAATCAGAGCTAG-1,PC
TTCCAGACGAGATTTA-1,EC
TTCCGCAGAGAAATAT-1,PC
TTCCGGTATCTGTGTC-1,EC
TTCCGGTTACCCACTT-1,CA1
TTCCTCGGACTAACCA-1,EC
TTCGCTAGGAAGTTGT-1,EC
TTCGCTATCTGACGTG-1,PC
TTCGGGACTAATCGCG-1,Hilus
TTCGTTCAACGAAGTT-1,EC
TTCTAACCGAAGCTTA-1,CA1
TTCTATGCCTTTCGCA-1,EC
TTCTGACCGGGCTCAA-1,EC
TTCTGCGGGTTAGCGG-1,DG
TTCTGCTAGACTCCAA-1,EC
TTCTTATCCGCTGGGT-1,EC
TTCTTGCTAGCATCTC-1,EC
TTCTTTGGTCGCGACG-1,EC
TTGAATATGGACTTTC-1,Hilus
TTGAATTCACGTGAGG-1,CA1
TTGACAGGAGCTCCCG-1,EC
TTGACCATGTTCTCCG-1,CA3
TTGACGCTCCATGAGC-1,CA1
TTGACTATTGTCCGGC-1,EC
TTGAGAAGTTTAGCAT-1,EC
TTGAGCAGCCCACGGT-1,EC
TTGAGCGCCACGTGAT-1,EC
TTGAGTCCCGCTGCTG-1,EC
TTGATAGTCAATACAT-1,EC
TTGATGTGTAGTCCCG-1,PC
TTGCCAAGCAGAACCC-1,EC
TTGGACCATCTGGCAA-1,EC
TTGGACCTATAACAGT-1,EC
TTGGCGATCCGAATAT-1,EC
TTGGGACACTGCCCGC-1,CA3
TTGGGACGTAAGAGTT-1,EC
TTGGGCGGCGGTTGCC-1,CA3
TTGGTATGGCTTGTGT-1,EC
TTGTAAGGCCAGTTGG-1,CA3
TTGTGAACCTAATCCG-1,EC
TTGTTGTGTGTCAAGA-1,CA3
